{"cameraMode":{"drawMode":0,"name":"Shaded","section":"Shading Mode"},"sceneLighting":true,"audioPlay":false,"sceneViewState":{"m_AlwaysRefresh":false,"showFog":true,"showSkybox":true,"showFlares":true,"showImageEffects":true,"showParticleSystems":true,"showVisualEffectGraphs":true,"m_FxEnabled":true},"in2DMode":false,"pivot":{"x":-0.8627373576164246,"y":3.069973945617676,"z":1.1010792255401612},"rotation":{"x":-0.030597707256674768,"y":0.5867840051651001,"z":-0.022196181118488313,"w":-0.8088660836219788},"size":1.4585144519805909,"orthographic":false}